{"cameraMode":{"drawMode":0,"name":"Shaded","section":"Shading Mode"},"sceneLighting":true,"audioPlay":false,"sceneViewState":{"showFog":true,"showMaterialUpdate":false,"showSkybox":true,"showFlares":true,"showImageEffects":true,"showParticleSystems":true},"in2DMode":false,"pivot":{"x":-10.649337768554688,"y":38.640438079833987,"z":-46.741737365722659},"rotation":{"x":-0.279949426651001,"y":0.21396876871585847,"z":-0.06416287273168564,"w":-0.933670699596405},"size":23.337886810302736,"orthographic":false}